error_type;error_label;annotation_id;paragraph_id;paragraph_text;chapter;concepts;mention;common_text;start;end;size
Need_validation;from dead body??;46;4;primus atque diligentissime togatorum de eo prodidit Manilius, senator ille maximis nobilis doctrinis doctore nullo: neminem extitisse qui viderit vescentem, sacrum in Arabia Soli esse, vivere annis DXL, senescentem casiae turisque surculis construere nidum, replere odoribus et superemori. ex ossibus deinde et medullis eius nasci primo ceu vermiculum, inde fieri pullum, principioque iusta funera priori reddere et totum deferre nidum prope Panchaiam in Solis urbem et in ara ibi deponere.;10;spontaneous generation : from dead body??;ex ossibus deinde et medullis eius nasci primo ceu vermiculum;ex ossibus deinde et medullis eius nasci primo ceu vermiculum;291;352;61
Need_validation;1st. c. BCE?? problemas de identificación;57;4;primus atque diligentissime togatorum de eo prodidit Manilius, senator ille maximis nobilis doctrinis doctore nullo: neminem extitisse qui viderit vescentem, sacrum in Arabia Soli esse, vivere annis DXL, senescentem casiae turisque surculis construere nidum, replere odoribus et superemori. ex ossibus deinde et medullis eius nasci primo ceu vermiculum, inde fieri pullum, principioque iusta funera priori reddere et totum deferre nidum prope Panchaiam in Solis urbem et in ara ibi deponere.;10;"historical character : Manilius ; 1st. c. BCE?? problemas de identificación";primus atque diligentissime togatorum de eo prodidit Manilius, senator ille maximis nobilis doctrinis doctore nullo: neminem extitisse qui viderit vescentem, sacrum in Arabia Soli esse, vivere annis DXL, senescentem casiae turisque surculis construere nidum, replere odoribus et superemori. ex ossibus deinde et medullis eius nasci primo ceu vermiculum, inde fieri pullum, principioque iusta funera priori reddere et totum deferre nidum prope Panchaiam in Solis urbem et in ara ibi deponere.  cum huius alitis vita magni conversionem anni fieri prodit idem Manilius iterumque significationes tempestatum et siderum easdem reverti, hoc autem circa meridiem incipere quo die signum arietis sol intraverit, et fuisse eius conversionis annum prodente se P. Licinio Cn. Cornelio cos. CCXV.;primus atque diligentissime togatorum de eo prodidit Manilius, senator ille maximis nobilis doctrinis doctore nullo: neminem extitisse qui viderit vescentem, sacrum in Arabia Soli esse, vivere annis DXL, senescentem casiae turisque surculis construere nidum, replere odoribus et superemori. ex ossibus deinde et medullis eius nasci primo ceu vermiculum, inde fieri pullum, principioque iusta funera priori reddere et totum deferre nidum prope Panchaiam in Solis urbem et in ara ibi deponere.;0;491;491
Need_validation;1st. c. BCE?? problemas de identificación;57;5;cum huius alitis vita magni conversionem anni fieri prodit idem Manilius iterumque significationes tempestatum et siderum easdem reverti, hoc autem circa meridiem incipere quo die signum arietis sol intraverit, et fuisse eius conversionis annum prodente se P. Licinio Cn. Cornelio cos. CCXV. Cornelius Valerianus phoenicem devolavisse in Aegyptum tradit Q. Plautio Sex. Papinio cos. allatus est et in urbem Claudii principis censura anno urbis DCCC et in comitio propositus, quod actis testatum est, sed quem falsum esse nemo dubitaret.;10;"historical character : Manilius ; 1st. c. BCE?? problemas de identificación";primus atque diligentissime togatorum de eo prodidit Manilius, senator ille maximis nobilis doctrinis doctore nullo: neminem extitisse qui viderit vescentem, sacrum in Arabia Soli esse, vivere annis DXL, senescentem casiae turisque surculis construere nidum, replere odoribus et superemori. ex ossibus deinde et medullis eius nasci primo ceu vermiculum, inde fieri pullum, principioque iusta funera priori reddere et totum deferre nidum prope Panchaiam in Solis urbem et in ara ibi deponere.  cum huius alitis vita magni conversionem anni fieri prodit idem Manilius iterumque significationes tempestatum et siderum easdem reverti, hoc autem circa meridiem incipere quo die signum arietis sol intraverit, et fuisse eius conversionis annum prodente se P. Licinio Cn. Cornelio cos. CCXV.;cum huius alitis vita magni conversionem anni fieri prodit idem Manilius iterumque significationes tempestatum et siderum easdem reverti, hoc autem circa meridiem incipere quo die signum arietis sol intraverit, et fuisse eius conversionis annum prodente se P. Licinio Cn. Cornelio cos. CCXV.;0;291;291
Need_validation;Boethus?? editorial problem!! historical character???;94;7;"conversatur autem in montibus, secundi generis pygargus in oppidis et in campis, albicante cauda. tertii morphnos, quam Homerus et percnum vocat, aliqui et plangum et anatariam, secunda magnitudine et vi; huic vita circa lacus. Phemonoe, Apollinis dicta filia, dentes esse ei prodidit, mutae alias carentique lingua, eandem aquilarum nigerrimam, prominentiore cauda; consensit et Boeus. huius ingenium est et testudines raptas frangere e sublimi iaciendo, quae fors interemit poetam Aeschylum, praedictam fatis, ut ferunt, eius diei ruinam secura caeli fide caventem.";10;intellectual authority : Boethus?? editorial problem!! historical character???;consensit et Boeus;consensit et Boeus;367;385;18
Need_validation;medical use of animal product???;161;12;Tribus primis et quinto aquilarum generi inaedificatur nido lapis aetites, quem aliqui dixere gagiten, ad multa remedia utilis, nihil igne deperdens. - est autem lapis iste praegnans intus alio, cum quatias, velut in utero sonante. - sed vis illa medica non nisi nido dereptis.;10;medical use of animal product???;ad multa remedia utilis, nihil igne deperdens. - est autem lapis iste praegnans intus alio, cum quatias, velut in utero sonante. - sed vis illa medica non nisi nido dereptis;ad multa remedia utilis, nihil igne deperdens. - est autem lapis iste praegnans intus alio, cum quatias, velut in utero sonante. - sed vis illa medica non nisi nido dereptis;103;276;173
Need_validation;¿?????;218;19;"Vulturum praevalent nigri. nidos nemo attigit; ideo et fuere qui putarent illos ex adverso orbe advolare. falso: nidificant in excelsissimis rupibus; fetus quidem saepe cernuntur, fere bini. Vmbricius, haruspicum in nostro aevo peritissimus, parere tradit ova XIII, uno ex his reliqua ova nidumque lustrare, mox abicere. triduo autem ante advolare eos, ubi cadavera futura sunt.";10;place : ¿?????;ex adverso orbe;ex adverso orbe;80;95;15
Need_validation;sociability with man??;266;22;distinctio generum ex aviditate: alii non nisi e terra rapiunt avem, alii non nisi circa arbores volitantem, alii sedentem in sublimi, aliqui volantem in aperto. itaque et columbae novere ex his pericula visoque considunt vel subvolant, contra naturam eius auxiliantes sibi. in insula Africae Cerne in oceano accipitres totius Masaesyliae humi fetificant nec alibi nascuntur, illis adsueti gentibus.;10;sociability with man??;illis adsueti gentibus;illis adsueti gentibus;376;398;22
Need_validation;bird of prey???;320;28;Milui ex eodem accipitrum genere magnitudine differunt. notatum in his, rapacissimam et famelicam semper alitem nihil esculenti rapere umquam e funerum ferculis nec Olympiae ex ara ac ne ferentium quidem manibus nisi lugubri municipiorum inmolantium ostento. iidem videntur artem gubernandi docuisse caudae flexibus, in caelo monstrante natura quod opus esset in profundo. milui et ipsi hibernis mensibus latent, non tamen ante hirundinem abeuntes. traduntur autem et a solstitiis adfici podagra.;10;ancient class : bird of prey???;rapacissimam;rapacissimam;72;84;12
Need_validation;hibernation??;328;28;Milui ex eodem accipitrum genere magnitudine differunt. notatum in his, rapacissimam et famelicam semper alitem nihil esculenti rapere umquam e funerum ferculis nec Olympiae ex ara ac ne ferentium quidem manibus nisi lugubri municipiorum inmolantium ostento. iidem videntur artem gubernandi docuisse caudae flexibus, in caelo monstrante natura quod opus esset in profundo. milui et ipsi hibernis mensibus latent, non tamen ante hirundinem abeuntes. traduntur autem et a solstitiis adfici podagra.;10;hibernation??;milui et ipsi hibernis mensibus latent;milui et ipsi hibernis mensibus latent;373;411;38
Need_validation;seduction? couple relationship??;381;32;"Diversa in hac et supradicta alite quaedam. corvi ante solstitium generant; iidem aegrescunt sexagenis diebus, siti maxime, ante quam fici coquantur autumno. cornix ab eo tempore corripitur morbo. Corvi pariunt, cum plurimum, quinos. ore eos parere aut coire vulgus arbitratur ideoque gravidas, si ederint corvinum ovum, per os partum reddere atque in totum difficulter parere, si tecto inferantur. Aristoteles negat: non Hercule magis quam in Aegypto ibim, sed illam exosculationem, quae saepe cernitur, qualem in columbis esse.";10;seduction? couple relationship??;illam exosculationem, quae saepe cernitur, qualem in columbis esse;illam exosculationem, quae saepe cernitur, qualem in columbis esse;462;528;66
Need_validation; perhaps subter??;424;37;cliviam quoque avem ab antiquis nominatam animadverto ignorari _quidam clamatoriam dicunt, Labeo prohibitoriam_, et apud Nigidium super appellatur avis, quae aquilarum ova frangat. sunt praeterea conplura genera depicta in Etrusca disciplina saeculis non visa, quae nunc defecisse mirum est, cum abundent etiam quae gula humana populatur.;10;"super ; editorial problems, perhaps subter??";et apud Nigidium super appellatur avis, quae aquilarum ova frangat.;et apud Nigidium super appellatur avis, quae aquilarum ova frangat.;113;180;67
Need_validation;cat???;451;40;Sunt et parvae aves uncorum unguium, ut pici Martio cognomine insignes et in auspiciis magni. quo in genere arborum cavatores scandentes in subrectum felium modo, illi vero et supini, percussi corticis sono pabulum subesse intellegunt. pullos in cavis educant avium soli. adactos cavernis eorum a pastore cuneos admota quadam ab iis herba elabi creditur vulgo. Trebius auctor est clavum cuneumve adactum quanta libeat vi arbori, in qua nidum habeat, statim exilire cum crepitu arboris, cum insederit [clavo aut cuneo].;10;"habitat : tree ; similarity to another animal : cat???";in subrectum felium modo, illi vero et supini;in subrectum felium modo, illi vero et supini;137;182;45
Need_validation;oscen??;480;43;"Nunc de secundo genere dicamus, quod in duas dividitur species, oscines et alites. illarum generi cantus oris, his magnitudo differentiam dedit; itaque praecedent et ordine, omnesque reliquas in iis pavonum genus cum forma tum intellectu eius et gloria. gemmantes laudatus expandit colores, adverso maxime sole, quia sic fulgentius radiant. simul umbrae quosdam repercussus ceteris, qui et in opaco clarius micant, conchata quaerit cauda omnesque in acervum contrahit pinnarum quos spectari gaudet oculos.";10;ancient class : oscen??;oscines;oscines;64;71;7
Need_validation;flying animal??;525;47;"imperitant suo generi et regnum in quacumque sunt domo exercent. dimicatione paritur hoc inter ipsos velut ideo tela agnata cruribus suis intellegentium, nec finis saepe commorientibus. quod si palma contigit, statim in victoria canunt seque ipsi principes testantur; victus occultatur silens aegreque servitium patitur. et plebs tamen aeque superba graditur ardua cervice, cristis celsa, caelumque sola volucrum aspicit crebra, in sublime caudam quoque falcatam erigens. itaque terrori sunt etiam leonibus ferarum generosissimis.";10;flying animal??;sola volucrum;sola volucrum;399;412;13
Need_validation;dance?;640;59;"excubias habent nocturnis temporibus lapillum pede sustinentes, qui laxatus somno et decidens indiligentiam coarguat; ceterae dormiunt, capite subter alam condito alternis pedibus insistentes. dux erecto providet collo ac praedicit. eaedem mansuefactae lasciviunt gyrosque quosdam indecoro cursu vel singulae peragunt.";10;"play ; dance?";lasciviunt;lasciviunt;253;263;10
Need_validation;predation??;666;62;Pythonos comen vocant in Asia patentibus campis, ubi congregatae inter se commurmurant eamque, quae novissima advenit, lacerant atque ita abeunt. notatum post idus Augustas non temere visas ibi. sunt qui ciconiis non inesse linguam confirment. honos iis serpentium exitio tantus, ut in Thessalia capital fuerit occidisse eademque legibus poena, quae in homicidam.;10;"snake ; death ; predation??";serpentium exitio;serpentium exitio;254;271;17
Need_validation;migratory bird??;788;74;"Auctores sunt omnibus annis advolare Ilium ex Aethiopia aves et confligere ad Memnonis tumulum, quas ob id Memnonidas vocant. hoc idem quinto quoque anno facere eas in Aethiopia circa regiam Memnonis, exploratum sibi Cremutius tradit. simili modo pugnant Meleagrides in Boeotia. Africae hoc est gallinarum genus, gibberum, variis sparsum plumis. quae novissimae sunt peregrinarum avium in mensas receptae propter ingratum virus; verum Meleagri tumulus nobiles eas fecit.";10;ancient class : migratory bird??;peregrinarum avium;peregrinarum avium;367;385;18
Need_validation;hibernation??;805;76;"Sed in secessu avium et noctuae paucis diebus latere traduntur, quarum genus in Creta insula non esse, etiam, si qua invecta sit, emori. nam haec quoque mira naturae differentia: alia aliis locis negat, tamquam genera frugum fruticumve, sic et animalium; non nasci tralaticium, invecta emori mirum. quod illud est unius generis saluti adversum, quaeve ista naturae invidia? aut qui terrarum dicti avibus termini? Rhodos aquilam non habet.";10;hibernation??;paucis diebus latere traduntur;paucis diebus latere traduntur;32;62;30
Need_validation;¿???;874;81;"Lusciniis diebus ac noctibus continuis XV garrulus sine intermissu cantus densante se frondium germine, non in novissimis digna miratu ave. primum tanta vox tam parvo in corpusculo, tam pertinax spiritus; deinde in una perfecta musica scientia: modulatus editur sonus et nunc continuo spiritu trahitur in longum, nunc variatur inflexo,";10;¿???;continuis XV;continuis XV;29;41;12
Need_validation;rivalry of males?;889;83;certant inter se, palamque animosa contentio est. victa morte finit saepe vitam spiritu prius deficiente quam cantu. meditantur aliae iuveniores versusque quos imitentur accipiunt. audit discipula intentione magna et reddit, vicibusque reticent: intellegitur emendatae correptio et in docente quaedam reprehensio.;10;rivalry of males?;certant inter se, palamque animosa contentio est. victa morte finit saepe vitam spiritu prius deficiente quam cantu.;certant inter se, palamque animosa contentio est. victa morte finit saepe vitam spiritu prius deficiente quam cantu.;0;116;116
Need_validation;¿???;900;85;"sed hae tantae tamque artifices argutiae a XV diebus paulatim desinunt, nec ut fatigatas possis dicere aut satiatas. mox aestu aucto in totum alia vox fit, nec modulata aut varia; mutatur et color. postremo hieme ipsa non cernitur. linguis earum tenuitas illa prima non est quae ceteris avibus. pariunt vere primo, cum plurimum, sena ova.";10;¿???;a XV diebus;a XV diebus;41;52;11
Need_validation;vitiparra?? riparia??;1017;96;In genere vitiparrarum est cui nidus ex musco arido ita absoluta perficitur pila, ut inveniri non possit aditus. acanthyllis appellatur eadem figura ex lino intexens. picorum aliquis suspenditur surculo primis in ramis cyathi modo, ut nulla quadripes possit accedere. galgulos quidem ipsos dependentes pedibus somnum capere confirmant, quia tutiores ita se sperent.;10;edition problem : vitiparra?? riparia??;In genere vitiparrarum est cui nidus ex musco arido ita absoluta perficitur pila, ut inveniri non possit aditus.;In genere vitiparrarum est cui nidus ex musco arido ita absoluta perficitur pila, ut inveniri non possit aditus.;0;112;112
Need_validation;trade of animal product????;1030;97;"iam publicum quidem omnium est tabulata ramorum sustinendo nido provide eligere, camarare ab imbri aut fronde protegere densa. in Arabia cinnamolgus avis appellatur cinnami surculis nidificans; plumbatis eos sagittis decutiunt indigenae mercis gratia. in Scythis avis magnitudine otidis binos parit in leporina pelle semper in cacuminibus ramorum suspensa.";10;trade of animal product????;plumbatis eos sagittis decutiunt indigenae mercis gratia;plumbatis eos sagittis decutiunt indigenae mercis gratia;194;250;56
Need_validation;cinnamologus???;1031;97;"iam publicum quidem omnium est tabulata ramorum sustinendo nido provide eligere, camarare ab imbri aut fronde protegere densa. in Arabia cinnamolgus avis appellatur cinnami surculis nidificans; plumbatis eos sagittis decutiunt indigenae mercis gratia. in Scythis avis magnitudine otidis binos parit in leporina pelle semper in cacuminibus ramorum suspensa.";10;cinnamologus???;"in Arabia cinnamolgus avis appellatur cinnami surculis nidificans; plumbatis eos sagittis decutiunt indigenae mercis gratia.";"in Arabia cinnamolgus avis appellatur cinnami surculis nidificans; plumbatis eos sagittis decutiunt indigenae mercis gratia.";127;251;124
Need_validation;hiding??;1053;99;Nec vero iis minor sollertia, quae cunabula in terra faciunt corporis gravitate prohibitae sublime petere. merops vocatur genitores suos reconditos pascens, pallido intus colore pinnarum, superne cyaneo, priore parte subrutilo. nidificat in specu sex pedum defossa altitudine.;10;hiding??;reconditos;reconditos;137;147;10
Need_validation;predation??;1498;138;nominantur ab Homero scopes avium genus: neque harum saturicos motus, cum insidientur, plerisque memoratos facile conceperim mente, neque ipsae iam aves noscuntur, quam ob rem de confessis disseruisse praestiterit.;10;"locomotion form ; predation??";harum saturicos motus, cum insidientur;harum saturicos motus, cum insidientur;47;85;38
Need_validation; aviarium??;1518;141;Aviaria primus instituit inclusis omnium generum avibus M. Laenius Strabo Brundisi equestris ordinis. ex eo coepimus carcere animalia coercere, quibus rerum natura caelum adsignaverat. maxime tamen insignis est in hac memoria Clodii Aesopi, tragici histrionis, patina HS C taxata, in qua posuit aves cantu aliquo aut humano sermone vocales, HS VI singulas coemptas,;10;animal reserve, vivarium, aviarium??;Aviaria primus instituit inclusis omnium generum avibus M. Laenius Strabo Brundisi equestris ordinis. ex eo coepimus carcere animalia coercere, quibus rerum natura caelum adsignaverat.;Aviaria primus instituit inclusis omnium generum avibus M. Laenius Strabo Brundisi equestris ordinis. ex eo coepimus carcere animalia coercere, quibus rerum natura caelum adsignaverat.;0;184;184
Need_validation;abortion?? death;1611;151;"Ova incubari intra decem dies edita utilissimum; vetera aut recentiora infecunda. subici inpari numero debent. quarto die post quam coepere incubari, si contra lumen cacumine ovorum adprehenso ima manu purus et unius modi perluceat color, sterilia existimantur esse proque iis alia substituenda. et in aqua est experimentum: inane fluitat, itaque sidentia, hoc est plena, subici volunt. concuti vero experimento vetant, quoniam non gignant confusis vitalibus venis.";10;"abortion?? death ; vein";concuti vero experimento vetant, quoniam non gignant confusis vitalibus venis;concuti vero experimento vetant, quoniam non gignant confusis vitalibus venis;387;464;77
Need_validation;abortion?;1678;158;"Columbae proprio ritu osculantur ante coitum. pariunt fere bina ova, ita natura moderante, ut aliis crebrior sit fetus, aliis numerosior. palumbis et turtur plurimum terna nec plus quam bis vere pariunt, atque ita, si prior fetus corruptus est et ut, quamvis III pepererint, numquam plus II educant. tertium inritum est; urinum vocant. palumbis incubat femina post meridiana in matutinum, cetero mas.";10;abortion?;si prior fetus corruptus est;si prior fetus corruptus est;215;243;28
Need_validation;length of pregnancy?;1691;159;"columbae marem semper et feminam pariunt, priorem marem, postridie feminam. incubant in eo genere ambo, interdiu mas, noctu femina. excludunt XX die, pariunt a coitu V. aestate quidem interdum binis mensibus terna educunt paria, namque XVIII die excludunt statimque concipiunt; quare inter pullos saepe ova inveniuntur, et alii provolant, alii erumpunt. ipsi deinde pulli quinquemenstres fetificant.";10;length of pregnancy?;pariunt a coitu V;pariunt a coitu V;150;167;17
Need_validation;adoption?;1705;161;"Pavo a trimatu parit; primo anno unum aut alterum ovum, sequenti quaterna quinave, ceteris duodena, non amplius, intermittens binos dies ternosve parit, et ter anno, si gallinis subiciantur incubanda. mares ea frangunt desiderio incubantium; quapropter noctu et in latebris pariunt aut in excelso cubantes, set nisi molli strato excepta franguntur. mares singuli quinis sufficiunt coniugibus. cum singulae aut binae fuere, corrumpitur salacitate fecunditas. partus excluditur diebus ter novenis aut tardius tricensimo.";10;"hen ; incubation ; adoption?";si gallinis subiciantur incubanda;si gallinis subiciantur incubanda;166;199;33
Need_validation;length of pregnancy??;1713;161;"Pavo a trimatu parit; primo anno unum aut alterum ovum, sequenti quaterna quinave, ceteris duodena, non amplius, intermittens binos dies ternosve parit, et ter anno, si gallinis subiciantur incubanda. mares ea frangunt desiderio incubantium; quapropter noctu et in latebris pariunt aut in excelso cubantes, set nisi molli strato excepta franguntur. mares singuli quinis sufficiunt coniugibus. cum singulae aut binae fuere, corrumpitur salacitate fecunditas. partus excluditur diebus ter novenis aut tardius tricensimo.";10;length of pregnancy??;partus excluditur diebus ter novenis aut tardius tricensimo;partus excluditur diebus ter novenis aut tardius tricensimo;458;517;59
Need_validation;horsekeeper??;1937;180;"equas autem post tertium demum aut post unum ab enixu utiliter admitti putant coguntque invitas. asinas et septimo die concipere facillime creditur. equarum iubas tondere praecipiunt, ut asinorum coitum patiantur humilitate; comantes enim gloria superbire. a coitu solae animalium currunt exadversus aquilonem austrumve, prout marem aut feminam concepere. colorem ilico mutant, rubriore pilo vel quicumque sit pleniore: hoc argumento desinunt admittere, etiam volentes. nec inpedit partus quasdam ab opere falluntque gravidae. vicisse Olympia praegnantem Echecratidis Thessali invenimus.";10;"technical authority ; zootechnical profession : horsekeeper??";equas autem post tertium demum aut post unum ab enixu utiliter admitti putant coguntque invitas;equas autem post tertium demum aut post unum ab enixu utiliter admitti putant coguntque invitas;0;95;95
Need_validation;bearded vulture?;2233;204;"rursus cum trochilo mustela et cornix, turtur et pyrallis, ichneumones vespae et phalangia   aranei, aquaticae brenthos et gavia et harpe, harpe et triorchis accipiter, sorices et ardiolae invicem fetibus insidiantes, _(aegithus avis minima cum asino; spinetis enim se scabendi causa atterens nidos eius dissipat, quod adeo pavet, ut voce omnino rudentis audita ova eiciat, pulli ipsi metu cadant; igitur advolans ulcera eius rostro excavat)_ volpes et milui, angues et mustelae et sues.";10;bearded vulture?;et harpe, harpe;et harpe, harpe;129;144;15
Need_validation;bearded vulture?;2287;207;Rursus amici pavones et columbae, turtures et psittaci, merulae et turtures, cornix et ardiolae contra volpium genus communibus inimicitiis, harpe et miluus contra triorchin. quid, non et adfectus indicia sunt etiam in serpentibus, inmitissimo animalium genere? dicta sunt quae Arcadia narrat de domino a dracone servato et agnito voce [draconis].;10;"bearded vulture? ; kite";harpe et miluus contra triorchin.;harpe et miluus contra triorchin.;141;174;33
Need_validation;shallow water?;2306;210;"de thynnis confidentius adfirmatur; iuxta ripas enim aut petras dormiunt, plani autem piscium in vado, ut manu saepe tollantur. nam delphini ballaenaeque stertentes etiam audiuntur. insecta quoque dormire silentio apparet, quae ne luminibus quidem admotis excitentur.";10;habitat : shallow water?;in vado, ut manu saepe tollantur;in vado, ut manu saepe tollantur;94;126;32
Need_validation;????? surviving capacity ??;79;10;itaque divolsis praecipua vivacitas et partium singularum palpitatio, quia quaecumque est ratio vitalis illa non certis inest membris, sed toto in corpore, minime tamen capite, solumque non movetur nisi cum pectore avolsum. in nullo genere plures sunt pedes, et quibus ex his plurimi, diutius vivunt divulsa, ut in scolopendris videmus. habent autem oculos praeterque e sensibus et tactum atque gustatum, aliqua et odoratum, pauca et auditum.;11;????? surviving capacity ??;divolsis praecipua vivacitas et partium singularum palpitatio, quia quaecumque est ratio vitalis illa non certis inest membris, sed toto in corpore;divolsis praecipua vivacitas et partium singularum palpitatio, quia quaecumque est ratio vitalis illa non certis inest membris, sed toto in corpore;7;154;147
Need_validation;????? surviving capacity ??;82;10;itaque divolsis praecipua vivacitas et partium singularum palpitatio, quia quaecumque est ratio vitalis illa non certis inest membris, sed toto in corpore, minime tamen capite, solumque non movetur nisi cum pectore avolsum. in nullo genere plures sunt pedes, et quibus ex his plurimi, diutius vivunt divulsa, ut in scolopendris videmus. habent autem oculos praeterque e sensibus et tactum atque gustatum, aliqua et odoratum, pauca et auditum.;11;????? surviving capacity ??;quibus ex his plurimi, diutius vivunt divulsa;quibus ex his plurimi, diutius vivunt divulsa;262;307;45
Need_validation;coit palam ??;327;38;"Mel plenilunio uberius capitur, sereno die pinguius. in omni melle quod per se fluxit ut mustum oleumque, appellatur acetum. maxime laudabile est aestivum omne rutilum, ut siccioribus confectum diebus. album mel non fit ubi thymum est, sed oculis et ulceribus aptissimum existimatur. e thymo coloris aurei, saporis gratissimi, quo fit palam; doliolis pingue, e marino rore spissum. quod concrescit autem, minime laudatur.";11;editorial problem : coit palam ??;quo fit palam;quo fit palam;327;340;13
Need_validation;undefined author/s ?;351;42;Athenienses eam tetralicen appellant, Euboea sisyrum, putantque apibus esse gratissimam, fortassis quia tunc nulla alia sit copia. haec ergo mellatio fine vindemiae et vergiliarum occasu idibus Novembribus fere includitur. relinqui ex ea duas partes apibus ratio persuadet, et semper eas partes favorum, quae habeant erithacen.;11;intellectual authority : undefined author/s ?;putantque apibus esse gratissimam, fortassis quia tunc nulla alia sit copia;putantque apibus esse gratissimam, fortassis quia tunc nulla alia sit copia;54;129;75
Need_validation;drone ??;399;47;propior vero prior existimatio fieret, ni rursus alia difficultas occurreret. quippe nascuntur aliquando in extremis favis apes grandiores, quae ceteras fugant. oestrus vocatur hoc malum, quonam modo nascens, si ipsae fingunt?;11;"offspring ; oestrus ; drone ??";quippe nascuntur aliquando in extremis favis apes grandiores, quae ceteras fugant. oestrus vocatur hoc malum, quonam modo nascens, si ipsae fingunt?;quippe nascuntur aliquando in extremis favis apes grandiores, quae ceteras fugant. oestrus vocatur hoc malum, quonam modo nascens, si ipsae fingunt?;78;226;148
Need_validation;nobility ??;434;51;postea ex his suboles cum adulta esse coepit, concordi suffragio deterrimos necant, ne distrahant agmina. duo autem genera eorum: melior rufus, deterior niger variusque. omnibus forma semper egregia et duplo quam ceteris maior, pinnae breviores, crura recta, ingressus celsior, in fronte macula quodam diademate candicans. multum etiam nitore a volgo differunt.;11;"general appearance ; nobility ??";omnibus forma semper egregia;omnibus forma semper egregia;170;198;28
Need_validation;house building ?;699;77;"Bombycas et in Coo insula nasci tradunt, cupressi, terebinthi, fraxini, quercus florem imbribus decussum terrae halitu animante. fieri autem primo papiliones parvos nudosque, mox frigorum inpatientia villis inhorrescere et adversus hiemem tunicas sibi instaurare densas, pedum asperitate radentes foliorum lanuginem. in vellera hanc ab iis cogi subigique unguium carminatione, mox trahi in tramas, tenuari ceu pectine, postea adprehensam corpori involvi nido volubili;";11;house building ? : nest ?;nido;nido;454;458;4
Need_validation;nest ?;699;77;"Bombycas et in Coo insula nasci tradunt, cupressi, terebinthi, fraxini, quercus florem imbribus decussum terrae halitu animante. fieri autem primo papiliones parvos nudosque, mox frigorum inpatientia villis inhorrescere et adversus hiemem tunicas sibi instaurare densas, pedum asperitate radentes foliorum lanuginem. in vellera hanc ab iis cogi subigique unguium carminatione, mox trahi in tramas, tenuari ceu pectine, postea adprehensam corpori involvi nido volubili;";11;house building ? : nest ?;nido;nido;454;458;4
Need_validation;nature as spectacle ???;738;84;"namque et lacertarum catulos venantur, os primum tela involventes et tunc demum labra utraque morsu adprehendentes, amphitheatrali spectaculo, cum contigit. sunt ex eo et auguria. quippe incremento amnium futuro telas suas altius tollunt. iidem sereno texunt, nubilo retexunt, ideoque multa aranea imbrium signa sunt. feminam putant esse quae texat, marem qui venetur; ita paria fieri merita coniugio.";11;"comparison with human behaviour and qualities ; nature as spectacle ???";amphitheatrali spectaculo, cum contigit;amphitheatrali spectaculo, cum contigit;116;155;39
Need_validation;metamorphosis??;763;85;"Aranei conveniunt clunibus, pariunt vermiculos ovis similes: nam nec horum differri potest genitura, quoniam insectorum vix ulla alia ratio est. pariunt autem omnia in tela, set sparsa, quia saliunt atque ita emittunt. phalangia tantum in ipso specu incubant magnum numerum, qui, ut emersit, matrem consumit, saepe et patrem; adiuvat enim incubare. pariunt autem et trecenos  _ ceterae pauciores _  et incubant triduo. consummantur aranei quater septenis diebus.";11;"adult ; metamorphosis??";consummantur aranei quater septenis diebus;consummantur aranei quater septenis diebus;419;461;42
Need_validation;with sting???;844;93;"coitus supinis. asperitas praeacuta in dorso, qua excavant feturae locum in terra. fit primo vermiculus, deinde ex eo quae vocatur tettigometra, cuius cortice rupto circa solstitia evolant, noctu semper, primo nigrae atque durae. unum hoc ex iis, quae vivunt, et sine ore est; pro eo quiddam aculeatorum linguis simile, et hoc in pectore, quo rorem lambunt. pectus ipsum fistulosum. hoc canunt achetae, ut dicemus.";11;ancient class : with sting???;aculeatorum;aculeatorum;292;303;11
Need_validation;agricultural calendar ???;853;94;"de cetero in ventre nihil est. excitatae cum subvolant, umorem reddunt, quod solum argumentum est rore eas ali. isdem solis nullum ad excrementa corporis foramen. oculis tam hebetes, ut, si quis digitum contrahens ac remittens adpropinquet iis, transeant velut folio ludente. quidam duo alia genera faciunt earum: surculariam, quae sit grandior; frumentariam, quam alii avenariam vocant, apparet enim simul cum frumentis arescentibus.";11;"surcularia ; size : relative ; agricultural calendar ???";surculariam, quae sit grandior;surculariam, quae sit grandior;314;344;30
Need_validation;with sting??;877;96;Insectorum autem quaedam binas gerunt pinnas, ut muscae, quaedam quaternas, ut apes. membranis et cicadae volant. quaternas habent quae aculeis in alvo armantur. nullum, cui telum in ore, pluribus quam binis advolat pinnis. illis enim ultionis causa datum est, his aviditatis. nullis eorum pinnae revivescunt avulsae. nullum, cui aculeus in alvo, bipinne est.;11;ancient class : with sting??;quae aculeis in alvo armantur;quae aculeis in alvo armantur;131;160;29
Need_validation;ancient class ??;878;96;Insectorum autem quaedam binas gerunt pinnas, ut muscae, quaedam quaternas, ut apes. membranis et cicadae volant. quaternas habent quae aculeis in alvo armantur. nullum, cui telum in ore, pluribus quam binis advolat pinnis. illis enim ultionis causa datum est, his aviditatis. nullis eorum pinnae revivescunt avulsae. nullum, cui aculeus in alvo, bipinne est.;11;ancient class ??;cui telum in ore;cui telum in ore;170;186;16
Need_validation;with sting???;884;96;Insectorum autem quaedam binas gerunt pinnas, ut muscae, quaedam quaternas, ut apes. membranis et cicadae volant. quaternas habent quae aculeis in alvo armantur. nullum, cui telum in ore, pluribus quam binis advolat pinnis. illis enim ultionis causa datum est, his aviditatis. nullis eorum pinnae revivescunt avulsae. nullum, cui aculeus in alvo, bipinne est.;11;ancient class : with sting???;cui aculeus in alvo;cui aculeus in alvo;326;345;19
Need_validation;poison ??;923;99;e contrario tenebrarum alumna blattis vita, lucemque fugiunt in balinearum maxime umido vapore prognatae. fodiunt ex eodem genere rutili atque praegrandes scarabaei tellurem aridam favosque parvae et fistulosae modo spongiae medicato melle fingunt. in Threcia iuxta Olynthum locus est parvus, in quo unum hoc animal exanimatur, ob hoc Cantharolethrus appellatus.;11;"animal product : honey ; poison ??; medical use ???";medicato melle;medicato melle;225;239;14
Need_validation;medical use ???;923;99;e contrario tenebrarum alumna blattis vita, lucemque fugiunt in balinearum maxime umido vapore prognatae. fodiunt ex eodem genere rutili atque praegrandes scarabaei tellurem aridam favosque parvae et fistulosae modo spongiae medicato melle fingunt. in Threcia iuxta Olynthum locus est parvus, in quo unum hoc animal exanimatur, ob hoc Cantharolethrus appellatus.;11;"animal product : honey ; poison ??; medical use ???";medicato melle;medicato melle;225;239;14
Need_validation;domesticated animal?;1010;106;et in Lemno insula certa mensura praefinita est, quam singuli enecatarum ad magistratus referant. graculos quoque ob id colunt adverso volatu occurrentes earum exitio. necare et in Syria militari imperio coguntur. tot orbis partibus vagatur id malum. Parthis et hae in cibo gratae.;11;domesticated animal?;ob id colunt;ob id colunt;114;126;12
Need_validation;cat ????;1055;111;Indicae formicae cornua Erythris in aede Herculis fixa miraculo fuere. aurum hae cavernis egerunt terra in regione septentrionalium Indorum qui Dardae vocantur. ipsis color felium, magnitudo Aegypti luporum. erutum hoc ab iis tempore hiberno Indi furantur aestivo fervore, conditis propter vaporem in cuniculos formicis, quae tamen odore sollicitatae provolant crebroque lacerant quamvis praevelocibus camelis fugientes. tanta pernicitas feritasque est cum amore auri.;11;"color ; similarity to another animal : cat ????";ipsis color felium;ipsis color felium;161;179;18
Need_validation;with hair???;1099;115;pilos habentium asinum tantum inmunem hoc malo credunt et oves. gignuntur autem et vestis genere, praecipue lanicio interemptarum a lupis ovium. aquas quoque quasdam, quibus lavemur, fertiliores eius generis invenio apud auctores, quippe cum etiam cerae id gignant quod animalium minimum existimatur. alia rursus generantur sordibus aridi soli, posteriorum lascivia crurum petauristae, alia pulvere umido in cavernis volucria.;11;ancient class : with hair???;pilos habentium asinum tantum inmunem hoc malo credunt et oves.;pilos habentium asinum tantum inmunem hoc malo credunt et oves.;0;63;63
Need_validation;clothes-moth ??? archéotaxon ???;1139;117;"Idem pulvis in lanis et veste tineas creat, praecipue si araneus una includatur. sitiens enim et omnem umorem absorbens ariditatem ampliat. hoc et in chartis nascitur. est earum genus tunicas suas trahentium quo cocleae modo; sed harum pedes cernuntur. spoliatae exspirant. si adcrevere, faciunt chrysallidem.";11;clothes-moth ??? archéotaxon ???;Idem pulvis in lanis et veste tineas creat, praecipue si araneus una includatur. sitiens enim et omnem umorem absorbens ariditatem ampliat. hoc et in chartis nascitur.;Idem pulvis in lanis et veste tineas creat, praecipue si araneus una includatur. sitiens enim et omnem umorem absorbens ariditatem ampliat. hoc et in chartis nascitur.;0;167;167
Need_validation;???? egg ??;1178;120;"Hypanis fluvius in Ponto circa solstitium defert acinorum effigie tenues membranas, quibus erumpit volucre quadrupes supra dicti modo, nec ultra unum diem vivit, unde hemerobion vocatur. reliquis talium ab initio ad finem septenarii sunt numeri, culici et vermiculis ter septeni, corpus parientibus quater septeni; mutationes et in alias figuras transitus trinis aut quadrinis diebus. cetera ex his pinnata autumno fere moriuntur tabe alarum, tabani quidem etiam caecitate. muscis umore exanimatis, si cinere condantur, redit vita.";11;???? egg ??;defert acinorum effigie tenues membranas;defert acinorum effigie tenues membranas;42;82;40
Need_validation;???? ancient class;1187;120;"Hypanis fluvius in Ponto circa solstitium defert acinorum effigie tenues membranas, quibus erumpit volucre quadrupes supra dicti modo, nec ultra unum diem vivit, unde hemerobion vocatur. reliquis talium ab initio ad finem septenarii sunt numeri, culici et vermiculis ter septeni, corpus parientibus quater septeni; mutationes et in alias figuras transitus trinis aut quadrinis diebus. cetera ex his pinnata autumno fere moriuntur tabe alarum, tabani quidem etiam caecitate. muscis umore exanimatis, si cinere condantur, redit vita.";11;???? ancient class : entomon without metamorphosis ??;corpus parientibus quater septeni;corpus parientibus quater septeni;280;313;33
Need_validation;entomon without metamorphosis ??;1187;120;"Hypanis fluvius in Ponto circa solstitium defert acinorum effigie tenues membranas, quibus erumpit volucre quadrupes supra dicti modo, nec ultra unum diem vivit, unde hemerobion vocatur. reliquis talium ab initio ad finem septenarii sunt numeri, culici et vermiculis ter septeni, corpus parientibus quater septeni; mutationes et in alias figuras transitus trinis aut quadrinis diebus. cetera ex his pinnata autumno fere moriuntur tabe alarum, tabani quidem etiam caecitate. muscis umore exanimatis, si cinere condantur, redit vita.";11;???? ancient class : entomon without metamorphosis ??;corpus parientibus quater septeni;corpus parientibus quater septeni;280;313;33
Need_validation;Antiochus (the Great ?);75;11;"Elephanti gregatim semper ingrediuntur. Ducit agmen maximus natu, cogit aetate proximus. Amnem transituri minimos praemittunt, ne maiorum ingressu atterente alveum crescat gurgiti altitudo. Antipater auctor est duos Antiocho regi in bellicis usibus celebres etiam cognominibus fuisse; etenim novere ea. Certe Cato, cum imperatorum nomina annalibus detraxerit, eum, qui fortissime proeliatus esset in Punica acie, Surum tradidit vocatum altero dente mutilato.";8;historical character : king : Antiochus (the Great ?);Antiocho;Antiocho;216;224;8
Need_validation;Antiocus (the Great ?);79;12;Antiocho vadum fluminis experienti renuit Aiax, alioqui dux agminis semper. tum pronuntiatum eius fore principatum qui transisset, ausum que Patroclum ob id phaleris argenteis, quo maxime gaudent, et reliquo omni primatu donavit. ille, qui notabatur, inedia mortem ignominiae praetulit. Mirus namque pudor est, victus que vocem fugit victoris, terram ac verbenas porrigit. pudore numquam nisi in abdito coeunt, mas quinquennis, femina decennis.;8;historical character : king : Antiocus (the Great ?);Antiocho;Antiocho;0;8;8
Need_validation;pain ?????;149;21;Vniversi eruptionem temptavere, non sine vexatione populi, circumdatis claustris ferreis. qua de causa Caesar dictator postea simile spectaculum editurus euripis harenam circumdedit, quos Nero princeps sustulit equiti loca addens. Sed Pompeiani amissa fugae spe misericordiam vulgi inenarrabili habitu quaerentes supplicavere quadam sese lamentatione conplorantes, tanto populi dolore, ut oblitus imperatoris ac munificentiae honori suo exquisitae flens universus consurgeret diras que Pompeio, quas ille mox luit, inprecaretur.;8;"sadness ; pain ?????";amissa fugae spe misericordiam vulgi inenarrabili habitu quaerentes supplicavere quadam sese lamentatione conplorantes;amissa fugae spe misericordiam vulgi inenarrabili habitu quaerentes supplicavere quadam sese lamentatione conplorantes;245;363;118
Need_validation;anger ? madness ??;174;27;Elephantorum generis feminae multo pavidiores. Domantur autem rabidi fame et verberibus, elephantis aliis admotis, qui tumultuantem catenis coerceant. Et alias circa coitus maxime efferantur et stabula Indorum dentibus sternunt. Quapropter arcent eos coitu feminarum que pecuaria separant, quae haut alio modo quam armentorum habent. Domiti militant et turres armatorum in dorsis ferunt magna que ex parte orientis bella conficiunt: prosternunt acies, proterunt armatos. Iidem minimo suis stridore terrentur vulnerati que et territi retro semper cedunt, haut minore partium suarum pernicie. Indicum Africi pavent nec contueri audent, nam et maior Indicis magnitudo est.;8;anger ? madness ??;maxime efferantur;maxime efferantur;173;190;17
Need_validation;cómo reflejamos estas variantes?;185;27;Elephantorum generis feminae multo pavidiores. Domantur autem rabidi fame et verberibus, elephantis aliis admotis, qui tumultuantem catenis coerceant. Et alias circa coitus maxime efferantur et stabula Indorum dentibus sternunt. Quapropter arcent eos coitu feminarum que pecuaria separant, quae haut alio modo quam armentorum habent. Domiti militant et turres armatorum in dorsis ferunt magna que ex parte orientis bella conficiunt: prosternunt acies, proterunt armatos. Iidem minimo suis stridore terrentur vulnerati que et territi retro semper cedunt, haut minore partium suarum pernicie. Indicum Africi pavent nec contueri audent, nam et maior Indicis magnitudo est.;8;"fear ; cómo reflejamos estas variantes?";Indicum Africi pavent nec contueri audent, nam et maior Indicis magnitudo est;Indicum Africi pavent nec contueri audent, nam et maior Indicis magnitudo est;591;668;77
Need_validation;death??;204;29;"Et terram edisse iis tabificum est, nisi saepius mandant; devorant autem et lapides; truncos quidem gratissimo in cibatu habent. Palmas excelsiores fronte prosternunt atque ita iacentium absumunt fructum. Mandunt ore, spirant et bibunt odorantur que haut inproprie appellata manu. Animalium maxime odere murem et, si pabulum in praesepio positum attingi ab eo videre, fastidiunt. Cruciatum in potu maximum sentiunt hausta hirudine, quam sanguisugam vulgo coepisse appellari adverto. Haec ubi in ipso animae canali se fixit, intolerando adficit dolore.";8;"nourishment : particular diet ; toxic matter ; animal disease ; death??";Et terram edisse iis tabificum est, nisi saepius mandant;Et terram edisse iis tabificum est, nisi saepius mandant;0;56;56
Need_validation;smooth skin ???;224;30;Durissimum dorso tergus, ventri molle, saetarum nullum tegimentum, ne in cauda quidem praesidium abigendo taedio muscarum (namque id et tanta vastitas sentit), sed cancellata cutis, et invitans id genus animalium odore. Ergo cum extentis recepere examina, artatis in rugas repente cancellis comprehensas enecant. hoc iis pro cauda, iuba, villo est.;8;smooth skin ???;saetarum nullum tegimentum;saetarum nullum tegimentum;39;65;26
Need_validation;parasitism ??;227;30;Durissimum dorso tergus, ventri molle, saetarum nullum tegimentum, ne in cauda quidem praesidium abigendo taedio muscarum (namque id et tanta vastitas sentit), sed cancellata cutis, et invitans id genus animalium odore. Ergo cum extentis recepere examina, artatis in rugas repente cancellis comprehensas enecant. hoc iis pro cauda, iuba, villo est.;8;"fly ; parasitism ??";muscarum (namque id et tanta vastitas sentit), sed cancellata cutis, et invitans id genus animalium odore. Ergo cum extentis recepere examina, artatis in rugas repente cancellis comprehensas enecant;muscarum (namque id et tanta vastitas sentit), sed cancellata cutis, et invitans id genus animalium odore. Ergo cum extentis recepere examina, artatis in rugas repente cancellis comprehensas enecant;113;311;198
Need_validation;attack???;304;37;"Nota est in Punicis bellis ad flumen Bagradam a Regulo imperatore ballistis tormentis que, ut oppidum aliquod, expugnata serpens CXX pedum longitudinis; pellis eius maxillae que usque ad bellum Numantinum duravere Romae in templo. Faciunt his fidem in Italia appellatae bovae in tantam amplitudinem exeuntes, ut Divo Claudio principe occisae in Vaticano solidus in alvo spectatus sit infans. Aluntur primo bubuli lactis suctu, unde nomen traxere.";8;"size : absolute ; nourishment : carnivorous ; damage to man: attack???";in tantam amplitudinem exeuntes, ut Divo Claudio principe occisae in Vaticano solidus in alvo spectatus sit infans;in tantam amplitudinem exeuntes, ut Divo Claudio principe occisae in Vaticano solidus in alvo spectatus sit infans;276;390;114
Need_validation;attack ??;346;41;Mirum pardos, pantheras, leones et similia condito in corporis vaginas unguium mucrone, ne refringantur hebetenturve, ingredi aversis que falculis currere nec nisi in adpetendo protendere.;8;attack ??;nec nisi in adpetendo protendere;nec nisi in adpetendo protendere;155;187;32
Need_validation;self-medication ???;387;46;"Leonum duo genera, compactile et breve crispioribus iubis. hos pavidiores esse quam longos simplici que villo; eos contemptores vulnerum. Vrinam mares crure sublato reddere ut canes. Gravem odorem, nec minus halitum. Raros in potu vesci alternis diebus, a saturitate interim triduo cibis carere. quae possint, in mandendo solida devorare, nec capiente aviditatem alvo coniectis in fauces unguibus extrahere aut si fugiendum in satietate habeant.";8;"animal disease ; remedy ; self-medication ???";nec capiente aviditatem alvo coniectis in fauces unguibus extrahere aut si fugiendum in satietate habeant;nec capiente aviditatem alvo coniectis in fauces unguibus extrahere aut si fugiendum in satietate habeant;339;444;105
Need_validation;??????;432;52;"Cetero dolis carent et suspicione nec limis intuentur oculis aspici que simili modo nolunt. Creditum est a moriente humum morderi lacrimam que leto dari. Atque hoc tale tamque saevum animal rotarum orbes circumacti currus que inanes et gallinaceorum cristae cantus que etiam magis terrent, sed maxime ignes. aegritudinem fastidii tantum sentit, in qua medetur ei contumelia, in rabiem agente adnexarum lascivia simiarum; gustatus deinde sanguis in remedio est.";8;??????;humum morderi;humum morderi;116;129;13
Need_validation; diferente de « remedy » ???;440;52;"Cetero dolis carent et suspicione nec limis intuentur oculis aspici que simili modo nolunt. Creditum est a moriente humum morderi lacrimam que leto dari. Atque hoc tale tamque saevum animal rotarum orbes circumacti currus que inanes et gallinaceorum cristae cantus que etiam magis terrent, sed maxime ignes. aegritudinem fastidii tantum sentit, in qua medetur ei contumelia, in rabiem agente adnexarum lascivia simiarum; gustatus deinde sanguis in remedio est.";8;healing (en Thesaurus, diferente de « remedy » ???;"in qua medetur ei contumelia, in rabiem agente adnexarum lascivia simiarum; gustatus deinde sanguis in remedio est";"in qua medetur ei contumelia, in rabiem agente adnexarum lascivia simiarum; gustatus deinde sanguis in remedio est";345;459;114
Need_validation;variety ? chama;586;70;Pompei Magni primum ludi ostenderunt chama, quem Galli rufium vocabant, effigie lupi, pardorum maculis. Iidem ex Aethiopia quas vocant khvpouç, quarum pedes posteriores pedibus humanis et cruribus, priores manibus fuere similes. hoc animal postea Roma non vidit.;8;lynx : variety ? chama;Pompei Magni primum ludi ostenderunt chama, quem Galli rufium vocabant, effigie lupi, pardorum maculis.;Pompei Magni primum ludi ostenderunt chama, quem Galli rufium vocabant, effigie lupi, pardorum maculis.;0;103;103
Need_validation;similarity to man???;588;70;Pompei Magni primum ludi ostenderunt chama, quem Galli rufium vocabant, effigie lupi, pardorum maculis. Iidem ex Aethiopia quas vocant khvpouç, quarum pedes posteriores pedibus humanis et cruribus, priores manibus fuere similes. hoc animal postea Roma non vidit.;8;"hind leg ; similarity to man???";pedes posteriores pedibus humanis et cruribus;pedes posteriores pedibus humanis et cruribus;151;196;45
Need_validation;axis chital ??;667;76;In India et boves solidis ungulis, unicornes, et feram nomine axin hinnulei pelle pluribus candidioribus que maculis, sacrorum Liberi patris (Orsaei Indi simias candentes toto corpore venantur), asperrimam autem feram monocerotem, reliquo corpore equo similem, capite cervo, pedibus elephanto, cauda apro, mugitu gravi, uno cornu nigro media fronte cubitorum duum eminente. hanc feram vivam negant capi.;8;axis chital ??;feram nomine axin hinnulei pelle pluribus candidioribus que maculis, sacrorum Liberi patris;feram nomine axin hinnulei pelle pluribus candidioribus que maculis, sacrorum Liberi patris;49;140;91
Need_validation;festivity??;668;76;In India et boves solidis ungulis, unicornes, et feram nomine axin hinnulei pelle pluribus candidioribus que maculis, sacrorum Liberi patris (Orsaei Indi simias candentes toto corpore venantur), asperrimam autem feram monocerotem, reliquo corpore equo similem, capite cervo, pedibus elephanto, cauda apro, mugitu gravi, uno cornu nigro media fronte cubitorum duum eminente. hanc feram vivam negant capi.;8;"religious use : in ceremony: festivity?? ; mythological or literary character ; Liber";sacrorum Liberi patris;sacrorum Liberi patris;118;140;22
Need_validation;SCOPAS ???;720;82;Mirum est quo procedat Graeca credulitas! nullum tam inpudens mendacium est, ut teste careat. Item Apollas, qui Olympionicas scripsit, narrat Demaenetum Parrhasium in sacrificio, quod Arcades Iovi Lycaeo humana etiamtum hostia faciebant, immolati pueri exta degustasse et in lupum se convertisse, eundem X anno restitutum athleticae se exercuisse in pugilatu victorem que Olympia reversum.;8;"historical character ; intellectual authority : Apollas DUDAS EDITORIALES : SCOPAS ???; anecdote";Item Apollas, qui Olympionicas scripsit, narrat Demaenetum Parrhasium in sacrificio, quod Arcades Iovi Lycaeo humana etiamtum hostia faciebant, immolati pueri exta degustasse et in lupum se convertisse, eundem X anno restitutum athleticae se exercuisse in pugilatu victorem que Olympia reversum;Item Apollas, qui Olympionicas scripsit, narrat Demaenetum Parrhasium in sacrificio, quod Arcades Iovi Lycaeo humana etiamtum hostia faciebant, immolati pueri exta degustasse et in lupum se convertisse, eundem X anno restitutum athleticae se exercuisse in pugilatu victorem que Olympia reversum;94;388;294
Need_validation;climate ??;787;89;Crocodilum habet Nilus, quadripes malum et terra pariter ac flumine infestum. Vnum hoc animal terrestre linguae usu caret, unum superiore mobili maxilla inprimit morsum, alias terribile pectinatim stipante se dentium serie. Magnitudine excedit plerumque duodeviginti cubita. Parit ova quanta anseres, ea que extra eum locum semper incubat praedivinatione quadam, ad quem summo auctu eo anno egressurus est Nilus. nec aliud animal ex minore origine in maiorem crescit magnitudinem. Et unguibus autem armatus est, contra omnes ictus cute invicta. Dies in terra agit, noctes in aqua, teporis utrumque ratione.;8;climate ??;teporis;teporis;581;588;7
Need_validation;self-medication ?;853;96;Primus eum et quinque crocodilos Romae aedilitatis suae ludis M. Scaurus temporario euripo ostendit. Hippopotamius in quadam medendi parte etiam magister exstitit. Adsidua namque satietate obesus exit in litus recenti harundinum caesura speculatum atque, ubi acutissimam vidit stirpem, inprimens corpus venam quandam in crure vulnerat atque ita profluvio sanguinis morbidum alias corpus exonerat et plagam limo rursus obducit.;8;"intelligence ; practical knowledge : medical knowledge ; self-medication ?";Hippopotamius in quadam medendi parte etiam magister exstitit. Adsidua namque satietate obesus exit in litus recenti harundinum caesura speculatum atque, ubi acutissimam vidit stirpem, inprimens corpus venam quandam in crure vulnerat atque ita profluvio sanguinis morbidum alias corpus exonerat et plagam limo rursus obducit;Hippopotamius in quadam medendi parte etiam magister exstitit. Adsidua namque satietate obesus exit in litus recenti harundinum caesura speculatum atque, ubi acutissimam vidit stirpem, inprimens corpus venam quandam in crure vulnerat atque ita profluvio sanguinis morbidum alias corpus exonerat et plagam limo rursus obducit;101;425;324
Need_validation;marathum fennel ??;889;99;"Anguis, hiberno situ membrana corporis obducta, feniculi suco inpedimentum illud exuit nitidus que vernat. Exuit autem a capite primum nec celerius quam uno die et nocte, replicans, ut extra fiat membranae quod fuerit intus. Idem hiberna latebra visu obscurato maratho herbae se adfricans oculos inunguit ac refovet; si vero squamae obtorpuere, spinis iuniperi se scabit. Draco vernam nausiam silvestris lactucae suco restinguit.";8;"self-medication ; medicinal plant : marathum fennel ??";maratho herbae se adfricans oculos inunguit ac refovet;maratho herbae se adfricans oculos inunguit ac refovet;261;315;54
Need_validation;hunting ???;902;100;"Pantheras per fricatas carnes aconito barbari venantur. Occupat ilico fauces earum angor, quare pardalianches id venenum appellavere quidam; at fera contra hoc excrementis hominis sibi medetur, et alias tam avida eorum, ut a pastoribus ex industria in aliquo vase suspensa altius, quam ut queat saltu attingere, iaculando se appetendo que deficiat et postremo expiret, alioqui vivacitatis adeo lentae, ut eiectis interaneis diu pugnet.";8;hunting ???;alias tam avida eorum, ut a pastoribus ex industria in aliquo vase suspensa altius, quam ut queat saltu attingere, iaculando se appetendo que deficiat et postremo expiret;alias tam avida eorum, ut a pastoribus ex industria in aliquo vase suspensa altius, quam ut queat saltu attingere, iaculando se appetendo que deficiat et postremo expiret;197;367;170
Need_validation;anticipation capacity ??;942;102;Milia praeterea, utpote cum plurimis animalibus eadem natura rerum caeli quoque observationem et ventorum, imbrium, tempestatum praesagia alia alio modo dederit, quod persequi inmensum est, aeque scilicet quam reliquam cum singulis hominum societatem. siquidem et pericula praemonent non fibris modo extis que, circa quod magna mortalium portio haeret, sed alia quadam significatione.;8;anticipation capacity ??;ventorum, imbrium, tempestatum praesagia;ventorum, imbrium, tempestatum praesagia;97;137;40
Need_validation;in Thracia?? places;949;103;Ruinis inminentibus musculi praemigrant, aranei cum telis primi cadunt. auguria quidem artem fecere apud Romanos et sacerdotum collegium vel maxime sollemne. Est inter ea locis rigentibus et volpes, animal alioqui sollertia dirum. Amnes gelatos lacus que non nisi ad eius itum reditum que transeunt. Observatum eam aure ad glaciem adposita coniectare crassitudinem gelus.;8;problema editorial : in Thracia?? places : Thracia??;inter ea;inter ea;162;170;8
Need_validation;Thracia??;949;103;Ruinis inminentibus musculi praemigrant, aranei cum telis primi cadunt. auguria quidem artem fecere apud Romanos et sacerdotum collegium vel maxime sollemne. Est inter ea locis rigentibus et volpes, animal alioqui sollertia dirum. Amnes gelatos lacus que non nisi ad eius itum reditum que transeunt. Observatum eam aure ad glaciem adposita coniectare crassitudinem gelus.;8;problema editorial : in Thracia?? places : Thracia??;inter ea;inter ea;162;170;8
Need_validation;wild beast??;968;104;Nec minus clara exitii documenta sunt etiam contemnendis animalibus. M. Varro auctor est a cuniculis suffossum in Hispania oppidum, a talpis in Thessalia, ab ranis civitatem in Gallia pulsam, ab locustis in Africa, ex Gyara Cycladum insula incolas a muribus fugatos, in Italia Amynclas a serpentibus deletas. Citra Cynamolgos Aethiopas late deserta regio est, a scorpionibus et solipugis gente sublata, et a scolopendris abactos Rhoetienses auctor est Theophrastus. Sed ad reliqua ferarum genera redeamus.;8;"ancient classes ; wild beast??";ferarum;ferarum;481;488;7
Need_validation;speed ??;1060;113;"Editos partus exercent cursu et fugam meditari docent, ad praerupta ducunt saltum que demonstrant. Iam mares soluti desiderio libidinis avide petunt pabula; ubi se praepingues sensere, latebras quaerunt fatentes incommodum pondus. Et alias semper in fuga adquiescunt stantes que respiciunt, cum prope ventum est, rursus fugae praesidia repetentes. Hoc fit intestini dolore tam infirmi, ut ictu levi rumpatur intus.";8;locomotion : speed ??;exercent cursu;exercent cursu;14;28;14
Need_validation;horn Magical use?? medical use??;1110;118;At his cum serpente pugna: vestigant cavernas narium que spiritu extrahunt renitentes. Ideo singulare abigendis serpentibus odor adusto cervino cornu, contra morsus vero praecipuum remedium ex coagulo hinnulei matris in utero occisi.;8;use of part of animal : horn Magical use?? medical use??;Ideo singulare abigendis serpentibus odor adusto cervino cornu;Ideo singulare abigendis serpentibus odor adusto cervino cornu;87;149;62
Need_validation;variety ???;1168;123;Mutat colores et Scytharum tarandrus nec aliud ex iis quae pilo vestiuntur, nisi in Indis lycaon, cui iubata traditur cervix. Nam thoes (luporum id genus est procerius longitudine, brevitate crurum dissimile, velox saltu, venatu vivens, innocuum homini) habitum, non colorem, mutant, per hiemes hirti, aestate nudi.;8;wolf : variety ???;luporum id genus;luporum id genus;137;153;16
Need_validation;bipedestation ???;1244;130;"Invalidissimum urso caput, quod leoni firmissimum. Ideo urgente vi praecipitaturi se ex aliqua rupe manibus cooperto iaciuntur ac saepe in harena colapho infracto exanimantur. Cerebro veneficium inesse Hispaniae credunt occisorum que in spectaculis capita cremant testato, quoniam potum in ursinam rabiem agat. Ingrediuntur et bipedes; arborem aversi derepunt.";8;walking : bipedestation ???;Ingrediuntur et bipedes;Ingrediuntur et bipedes;311;334;23
Need_validation;leontophonos ????;1315;136;"Vrinae et duobus aliis animalibus ratio mira. Leontophonon accipimus vocari parvum nec aliubi nascens quam ubi leo gignitur, quo gustato tanta illa vis et ceteris quadripedum imperitans ilico expiret. Ergo corpus eius exustum adspergunt aliis carnibus polentae modo insidiantes ferae necant que etiam cinere: tam contraria est pestis. Haut inmerito igitur odit leo visum que frangit et citra morsum exanimat; ille contra urinam spargit, prudens hanc quoque leoni exitialem.";8;leontophonos ????;"Leontophonon accipimus vocari parvum nec aliubi nascens quam ubi leo gignitur, quo gustato tanta illa vis et ceteris quadripedum imperitans ilico expiret. Ergo corpus eius exustum adspergunt aliis carnibus polentae modo insidiantes ferae necant que etiam cinere: tam contraria est pestis. Haut inmerito igitur odit leo visum que frangit et citra morsum exanimat; ille contra urinam spargit, prudens hanc quoque leoni exitialem.";"Leontophonon accipimus vocari parvum nec aliubi nascens quam ubi leo gignitur, quo gustato tanta illa vis et ceteris quadripedum imperitans ilico expiret. Ergo corpus eius exustum adspergunt aliis carnibus polentae modo insidiantes ferae necant que etiam cinere: tam contraria est pestis. Haut inmerito igitur odit leo visum que frangit et citra morsum exanimat; ille contra urinam spargit, prudens hanc quoque leoni exitialem.";46;473;427
Need_validation;jealousy ??;1386;144;"Memorat et Pyrrhum, Gelonis tyranni canem, Philistus; memoratur et Nicomedis Bithyniae regis, uxore eius Cosingi lacerata propter lasciviorem cum marito iocum. Apud nos Vulcatium nobilem, qui Cascellium ius civile docuit, asturcone e suburbano redeuntem, cum advesperavisset, canis a grassatore defendit; item Caelium senatorem aegrum Placentiae ab armatis oppressum, nec prius ille vulneratus est quam cane interempto.";8;"anecdote ; jealousy ??";memoratur et Nicomedis Bithyniae regis, uxore eius Cosingi lacerata propter lasciviorem cum marito iocum.;memoratur et Nicomedis Bithyniae regis, uxore eius Cosingi lacerata propter lasciviorem cum marito iocum.;54;159;105
Need_validation;historical document ??;1398;145;Sed super omnia in nostro aevo actis p. R. testatum Appio Iunio et P. Silio cos., cum animadverteretur ex causa Neronis Germanici filii in Titium Sabinum et servitia eius, unius ex his canem nec in carcere abigi potuisse nec a corpore recessisse abiecti, in gradibus gemitoriis maestos edentem ululatus magna populi Romani corona, ex qua cum quidam ei cibum obiecisset, ad os defuncti tulisse. Innatavit idem, cadavere in Tiberim abiecto, sustentare conatus, effusa multitudine ad spectandam animalis fidem.;8;"anecdote ; intellectual authority : historical document ??";in nostro aevo actis p. R. testatum Appio Iunio et P. Silio cos., cum animadverteretur ex causa Neronis Germanici filii in Titium Sabinum et servitia eius, unius ex his canem nec in carcere abigi potuisse nec a corpore recessisse abiecti, in gradibus gemitoriis maestos edentem ululatus magna populi Romani corona, ex qua cum quidam ei cibum obiecisset, ad os defuncti tulisse. Innatavit idem, cadavere in Tiberim abiecto, sustentare conatus, effusa multitudine ad spectandam animalis fidem.;in nostro aevo actis p. R. testatum Appio Iunio et P. Silio cos., cum animadverteretur ex causa Neronis Germanici filii in Titium Sabinum et servitia eius, unius ex his canem nec in carcere abigi potuisse nec a corpore recessisse abiecti, in gradibus gemitoriis maestos edentem ululatus magna populi Romani corona, ex qua cum quidam ei cibum obiecisset, ad os defuncti tulisse. Innatavit idem, cadavere in Tiberim abiecto, sustentare conatus, effusa multitudine ad spectandam animalis fidem.;16;507;491
Need_validation;madness ??;1444;151;Canum generi bis anno partus. iusta ad pariendum annua aetas. Gerunt uterum sexagenis diebus. Gignunt caecos et, quo largiore aluntur lacte, eo tardiorem visum accipiunt, non tamen umquam ultra XXI diem nec ante septimum. Quidam tradunt, si unus gignatur, nono die cernere, si gemini, decumo itemque in singulos adici totidem tarditatis ad lucem dies, et ab ea quae sit femina ex primipara genita Faunos cerni. optimus in fetu qui novissimus cernere incipit aut quem primum fert in cubile feta.;8;"offspring ; female ; madness ??";et ab ea quae sit femina ex primipara genita Faunos cerni;et ab ea quae sit femina ex primipara genita Faunos cerni;352;409;57
Need_validation;Nicomedes of Bithynia ?;1494;157;Docilitas tanta est, ut universus Sybaritani exercitus equitatus ad symphoniae cantum saltatione quadam moveri solitus inveniatur. Iidem praesagiunt pugnam et amissos lugent dominos: lacrimas interdum desiderio fundunt. interfecto Nicomede rege equus eius inedia vitam finivit.;8;"anecdote ; loyalty to master ; starvation ; historical character : Nicomedes of Bithynia ?";interfecto Nicomede rege equus eius inedia vitam finivit;interfecto Nicomede rege equus eius inedia vitam finivit;220;276;56
Need_validation;similarity???;1558;166;"Constat in Lusitania circa Olisiponem oppidum et Tagum amnem equas favonio flante obversas animalem concipere spiritum, id que partum fieri et gigni pernicissimum ita, sed triennium vitae non excedere. In eadem Hispania Gallaica gens est et Asturica; equini generis his sunt quos tieldones vocamus; minore forma appellatos asturcones gignunt, quibus non vulgaris in cursu gradus, sed mollis alterno crurum explicatu glomeratio, unde equis tolutim carpere incursum traditur arte. Equo fere qui homini morbi, praeter que vesicae conversio, sicut omnibus in genere veterino.";8;"animal disease ; comparison with man : similarity???";Equo fere qui homini morbi, praeter que vesicae conversio, sicut omnibus in genere veterino;Equo fere qui homini morbi, praeter que vesicae conversio, sicut omnibus in genere veterino;479;570;91
Need_validation;other ???;1684;178;Boves animalium soli et retro ambulantes pascuntur, apud Garamantas quidem haut aliter. vita feminis XV annis longissima, maribus XX. robur in quinquennatu. Lavatione calidae aquae traduntur pinguescere et si quis incisa cute spiritum harundine in viscera adigat.;8;"zootechnical manipulation : other ??? ; intellectual authority: undefined author/s";Lavatione calidae aquae traduntur pinguescere et si quis incisa cute spiritum harundine in viscera adigat.;Lavatione calidae aquae traduntur pinguescere et si quis incisa cute spiritum harundine in viscera adigat.;157;263;106
Need_validation;farming ?;1689;179;Non degeneres existimandi etiam minus laudato aspectu: plurimum lactis Alpinis, quibus minimum corporis, plurimum laboris capite, non cervice, iunctis. Syriacis non sunt palearia, sed gibber in dorso. Carici quoque in parte Asiae, foedi visu tubere super armos a cervicibus eminente, luxatis cornibus, excellentes in opere narrantur, cetero nigri coloris candidi ve ad laborem damnantur. Tauris minora quam bubus cornua tenuiora que.;8;use : farming ?;plurimum laboris capite, non cervice, iunctis;plurimum laboris capite, non cervice, iunctis;105;150;45
Need_validation;mating season ???;1738;186;Femina bos ei semel anno ostenditur, suis et ipsa insignibus, quamquam aliis, semper que eodem die et inveniri eam et extingui tradunt. Memphi est locus in Nilo, quem a figura vocant Phialam, omnibus annis ibi auream pateram argenteam que mergentes diebus quos habent natales Apis. Septem hi sunt, mirum que neminem per eos a crocodilis attingi, octavo post horam diei sextam redire beluae feritatem.;8;"ritual ; mating season ???; sacrifice ??";Femina bos ei semel anno ostenditur, suis et ipsa insignibus, quamquam aliis, semper que eodem die et inveniri eam et extingui tradunt.;Femina bos ei semel anno ostenditur, suis et ipsa insignibus, quamquam aliis, semper que eodem die et inveniri eam et extingui tradunt.;0;135;135
Need_validation;sacrifice ??;1738;186;Femina bos ei semel anno ostenditur, suis et ipsa insignibus, quamquam aliis, semper que eodem die et inveniri eam et extingui tradunt. Memphi est locus in Nilo, quem a figura vocant Phialam, omnibus annis ibi auream pateram argenteam que mergentes diebus quos habent natales Apis. Septem hi sunt, mirum que neminem per eos a crocodilis attingi, octavo post horam diei sextam redire beluae feritatem.;8;"ritual ; mating season ???; sacrifice ??";Femina bos ei semel anno ostenditur, suis et ipsa insignibus, quamquam aliis, semper que eodem die et inveniri eam et extingui tradunt.;Femina bos ei semel anno ostenditur, suis et ipsa insignibus, quamquam aliis, semper que eodem die et inveniri eam et extingui tradunt.;0;135;135
Need_validation;zootechnical profession???;1761;187;"Magna et pecori gratia vel in placamentis deorum vel in usu vellerum. Vt boves victum hominum excolunt, ita corporum tutela pecori debetur. Generatio bimis utrimque ad novenos annos, quibusdam et ad X; primiparis minores fetus. Coitus omnibus ab arcturi occasu, id est a. d. III idus Maias, ad aquilae occasum, id est X kal. Augustas. gerunt partum diebus CL; postea concepti invalidi. Cordos vocabant antiqui post id tempus natos. Multi hibernos agnos praeferunt vernis, quoniam magis intersit ante solstitium quam ante brumam firmos esse, solum que hoc animal utiliter bruma nasci.";8;context: zootechnical profession???;Multi hibernos agnos praeferunt vernis, quoniam magis intersit ante solstitium quam ante brumam firmos esse, solum que hoc animal utiliter bruma nasci.;Multi hibernos agnos praeferunt vernis, quoniam magis intersit ante solstitium quam ante brumam firmos esse, solum que hoc animal utiliter bruma nasci.;432;583;151
Need_validation;Torquatus ????;1825;195;"Vndulata vestis prima e lautissimis fuit; inde sororiculata defluxit. Togas rasas Phryxianas que Divi Augusti novissimis temporibus coepisse scribit Fenestella. Crebrae papaveratae antiquiorem habent originem iam sub Lucilio poeta in Torquato notatae. Praetextae apud Etruscos originem invenere. Trabeis usos accipio reges; pictae vestes iam apud Homerum sunt iis, et inde triumphales natae.";8;"intellectual authority : poet : Lucilius ; historical character : Torquatus ????";Crebrae papaveratae antiquiorem habent originem iam sub Lucilio poeta in Torquato notatae.;Crebrae papaveratae antiquiorem habent originem iam sub Lucilio poeta in Torquato notatae.;161;251;90
Need_validation;self-medication???;1880;201;Pariunt octonis annis. Abortus frigori obnoxius. Oculos suffusos capra iunci punctu sanguine exonerat, caper rubi. Sollertiam eius animalis Mucianus visam sibi prodidit in ponte praetenui duabus obviis e diverso: cum circumactum angustiae non caperent nec reciprocationem longitudo in exilitate caecam, torrente rapido minaciter subterfluente, alteram decubuisse atque ita alteram proculcatae supergressam.;8;self-care : self-medication???;Oculos suffusos capra iunci punctu sanguine exonerat, caper rubi.;Oculos suffusos capra iunci punctu sanguine exonerat, caper rubi.;49;114;65
Need_validation;nourishment ????;1948;207;"Index suis invalidae cruor in radice saetae dorso evolsae, caput obliquum in incessu. Paenuriam lactis praepingues sentiunt et primo fetu minus sunt numerosae. In luto volutatio generi grata. Intorta cauda; id etiam notatum, facilius litare in dexterum quam in laevum detorta. Pinguescunt LX diebus, sed magis tridui inedia saginatione orsa. Animalium hoc maxime brutum animam que ei pro sale datam non inlepide existimabatur.";8;nourishment ????;Pinguescunt LX diebus, sed magis tridui inedia saginatione orsa;Pinguescunt LX diebus, sed magis tridui inedia saginatione orsa;277;340;63
Need_validation;synonym of lepus ????;2062;219;Benigna circa hoc natura innocua et esculenta animalia fecunda generavit. Lepus, omnium praedae nascens, solus praeter dasypodem superfetat, aliud educans, aliud in utero pilis vestitum, aliud inplume, aliud inchoatum gerens pariter. Nec non et vestes leporino pilo facere temptatum est, tactu non perinde molli ut in cute, propter brevitatem pili dilabidas.;8;dasypod : synonym of lepus ????;praeter dasypodem;praeter dasypodem;111;128;17
Need_validation;flying animal ???;2071;220;"Hi mansuescunt raro, cum feri dici iure non possint; complura namque sunt nec placida nec fera, sed mediae inter utrumque naturae, ut in volucribus hirundines, apes, in mari delphini.";8;ancient classes : flying animal ???;in volucribus;in volucribus;134;147;13
Need_validation;ancient classes ???;2105;223;Cum candidi provenere, laetum faciunt ostentum. Nam sauricum occentu dirimi auspicia annales refertos habemus. Saurices et ipsos hieme condi auctor est Nigidius, sicut glires, quos censoriae leges princeps que M. Scaurus in consulatu non alio modo cenis ademere quam conchylia aut ex alio orbe convectas aves.;8;shellfish : ancient classes ???;conchylia;conchylia;267;276;9
Need_validation;garden dormouse ????;2117;224;Semiferum et ipsum animal, cui vivaria in doliis idem qui apris instituit. Qua in re notatum, non congregare se nisi populares eiusdem silvae et, si misceantur alienigenae amne vel monte discreti, interire dimicando. Genitores suos fessos senecta alunt insigni pietate. Senium finitur hiberna quiete (conditi enim et hi cubant), rursus aestate iuvenescunt. Similis et nitelis quies est hieme.;8;garden dormouse ????;Similis et nitelis quies est hieme.;Similis et nitelis quies est hieme.;357;392;35
Need_validation;Tyrinthe??? Editorial problem;2155;229;Iam quaedam animalia indigenis innoxia advenas interemunt, sicut serpentes parvi in Tyrinthe, quos terra nasci proditur. item in Syria angues circa Euphratis maxime ripas dormientes Syros non attingunt aut, etiamsi calcati momordere, non sentiuntur malefici, aliis cuiuscumque gentis infesti, avide et cum cruciatu exanimantes, quam ob rem et Syri non necant eos. contra in Latmo Cariae monte Aristoteles tradit a scorpionibus hospites non laedi, indigenas interemi. Sed reliquorum quoque animalium (et praeterea terrestrium) dicemus genera.;8;"snake ; places : Tyrinthe??? Editorial problem: Myrinthe!!!";Iam quaedam animalia indigenis innoxia advenas interemunt, sicut serpentes parvi in Tyrinthe, quos terra nasci proditur;Iam quaedam animalia indigenis innoxia advenas interemunt, sicut serpentes parvi in Tyrinthe, quos terra nasci proditur;0;119;119
Need_validation;monster Archeo ??;9;2;Sunt autem conplura in his maiora etiam terrestribus. causa evidens umoris luxuria. alia sors alitum quibus vita pendentibus. in mari autem, tam late supino mollique ac fertili nutrimento, accipiente causas genitales e sublimi semperque pariente natura pleraque etiam monstrifica reperiuntur, perplexis et in semet aliter atque aliter nunc flatu nunc fluctu convolutis seminibus atque principiis, vera ut fiat vulgi opinio, quicquid nascatur in parte naturae ulla,;9;"hybrid ; monster Archeo ??";sublimi semperque pariente natura pleraque etiam monstrifica reperiuntur, perplexis et in semet aliter atque aliter nunc flatu nunc fluctu convolutis seminibus atque principiis;sublimi semperque pariente natura pleraque etiam monstrifica reperiuntur, perplexis et in semet aliter atque aliter nunc flatu nunc fluctu convolutis seminibus atque principiis;219;395;176
Need_validation;orca ??;67;10;"auctores habeo in equestri ordine splendentes, visum ab iis in Gaditano oceano marinum hominem toto corpore absoluta similitudine; ascendere eum navigia nocturnis temporibus statimque degravari quas insederit partes et, si diutius permaneat, etiam mergi. Tiberio principe contra Lugdunensis provinciae litus in insula simul trecentas amplius beluas reciprocans destituit oceanus, mirae varietatis et magnitudinis, nec pauciores in Santonum litore interque reliquas elephantos et arietes candore tantum cornibus adsimulatis, Nereidas vero multas.";9;"sea ram : orca ??; horn";arietes candore tantum cornibus adsimulatis;arietes candore tantum cornibus adsimulatis;479;522;43
Need_validation;King of Caria ??;219;33;Quae de eodem genere piscandi in Iasio sinu Mucianus tradit, hoc differunt, quod ultro neque inclamati praesto sint partesque e manibus accipiant et suum quaeque cumba e delphinis socium habeat, quamvis noctu et ad faces. ipsis quoque inter se publica est societas. capto a rege Cariae alligatoque in portu ingens reliquorum convenit multitudo maestitia quadam, quae posset intellegi, miserationem petens, donec dimitti rex eum iussit. quin et parvos semper aliquis grandior comitatur ut custos, conspectique iam sunt defunctum portantes, ne laceraretur a beluis.;9;"anecdote ; historical character : King of Caria ??";ipsis quoque inter se publica est societas. capto a rege Cariae alligatoque in portu ingens reliquorum convenit multitudo maestitia quadam, quae posset intellegi, miserationem petens, donec dimitti rex eum iussit;ipsis quoque inter se publica est societas. capto a rege Cariae alligatoque in portu ingens reliquorum convenit multitudo maestitia quadam, quae posset intellegi, miserationem petens, donec dimitti rex eum iussit;222;434;212
Need_validation;fishing with harpoon ??;333;45;silurus grassatur, ubicumque est, omne animal appetens, equos innatantes saepe demergens. praecipue in Moeno Germaniae amne protelis boum et in Danuvio marris extrahitur, porculo marino simillimus. et in Borysthene memoratur praecipua magnitudo, nullis ossibus spinisve intersitis, carne praedulci.;9;fishing with harpoon ??;in Danuvio marris extrahitur;in Danuvio marris extrahitur;141;169;28
Need_validation;sturgeon??;338;45;silurus grassatur, ubicumque est, omne animal appetens, equos innatantes saepe demergens. praecipue in Moeno Germaniae amne protelis boum et in Danuvio marris extrahitur, porculo marino simillimus. et in Borysthene memoratur praecipua magnitudo, nullis ossibus spinisve intersitis, carne praedulci.;9;"boneless fish of large size in the Borysthenes; sturgeon??";in Borysthene memoratur praecipua magnitudo, nullis ossibus spinisve intersitis, carne praedulci;in Borysthene memoratur praecipua magnitudo, nullis ossibus spinisve intersitis, carne praedulci;201;297;96
Need_validation;eel ? moray ? snake ? conger ?;350;46;in Gange Indiae platanistas vocant, rostro delphini et cauda, magnitudine autem XVI cubitorum. in eodem esse Statius Sebosus haut modico miraculo adfert vermes, branchiis binis sex cubitorum, caeruleos, qui nomen a facie traxerunt. his tantas esse vires, ut elephantos ad potus venientes mordicus comprehensa manu eorum abstrahant.;9;eel ? moray ? snake ? conger ?;vermes, branchiis binis sex cubitorum, caeruleos, qui nomen a facie traxerunt. his tantas esse vires, ut elephantos ad potus venientes mordicus comprehensa manu eorum abstrahant;vermes, branchiis binis sex cubitorum, caeruleos, qui nomen a facie traxerunt. his tantas esse vires, ut elephantos ad potus venientes mordicus comprehensa manu eorum abstrahant;153;330;177
Need_validation;????;542;66;mullum expirantem versicolori quadam et numerosa varietate spectari proceres gulae narrant, rubentium squamarum multiplici mutatione pallescentem, utique si vitro spectetur inclusus. M. Apicius, ad omne luxus ingenium natus, in sociorum garo nam ea quoque res cognomen invenit necari eos praecellens putavit atque e iecore eorum allecem excogitare.;9;authority : ????;versicolori quadam et numerosa varietate spectari proceres gulae narrant, rubentium squamarum multiplici mutatione pallescentem;versicolori quadam et numerosa varietate spectari proceres gulae narrant, rubentium squamarum multiplici mutatione pallescentem;18;145;127
Need_validation;use of animal part ???;651;77;invenit in hoc animali documenta saevitiae Vedius Pollio, eques Romanus ex amicis Divi Augusti, vivariis earum inmergens damnata mancipia, non tamquam ad hoc feris terrarum non sufficientibus, sed quia in alio genere totum pariter hominem distrahi spectare non poterat. ferunt aceti gustu praecipue eas in rabiem agi. tenuissimum iis tergus, contra anguillis crassius, eoque verberari solitos tradit Verrius praetextatos et ob id multam iis dici non institutum.;9;"intellectual authority : Verrius ; use of animal part ???";verberari solitos tradit Verrius praetextatos et ob id multam iis dici non institutum;verberari solitos tradit Verrius praetextatos et ob id multam iis dici non institutum;375;460;85
Need_validation;parasite ?;672;79;Est parvus admodum piscis adsuetus petris, echeneis appellatus. hoc carinis adhaerente naves tardius ire creduntur, inde nomine inposito. quam ob causam amatoriis quoque veneficiis infamis est et iudiciorum ac litium mora, quae crimina una laude pensat fluxus gravidarum utero sistens partusque continens ad puerperium. in cibos tamen non admittitur. pedes eum habere arbitrantur, Aristoteles… it apposita pinnarum similitudine.;9;parasite ?;hoc carinis adhaerente naves tardius ire creduntur, inde nomine inposito.;hoc carinis adhaerente naves tardius ire creduntur, inde nomine inposito.;64;137;73
Need_validation;parasite ?;689;80;"Mucianus muricem esse latiorem purpura, neque aspero neque rotundo ore neque in angulos prodeunte rostro, sed sicut concha utroque latere sese colligente. quibus inhaerentibus plenam venti stetisse navem Periandri portantem, ut castrarentur, nobiles pueros; conchas, quae id praestiterint, apud Cnidiorum Venerem coli. Trebius Niger pedalem esse et crassitudine quinque digitorum, naves morari; praeterea hanc esse vim eius adservati in sale, ut aurum, quod deciderit in altissimos puteos, admotus extrahat.";9;parasite ?;naves morari;naves morari;381;393;12
Need_validation;magical use of animal ???;692;80;"Mucianus muricem esse latiorem purpura, neque aspero neque rotundo ore neque in angulos prodeunte rostro, sed sicut concha utroque latere sese colligente. quibus inhaerentibus plenam venti stetisse navem Periandri portantem, ut castrarentur, nobiles pueros; conchas, quae id praestiterint, apud Cnidiorum Venerem coli. Trebius Niger pedalem esse et crassitudine quinque digitorum, naves morari; praeterea hanc esse vim eius adservati in sale, ut aurum, quod deciderit in altissimos puteos, admotus extrahat.";9;"gold ; magical use of animal ???";ut aurum, quod deciderit in altissimos puteos, admotus extrahat;ut aurum, quod deciderit in altissimos puteos, admotus extrahat;443;506;63
Need_validation;crawling ??;831;95;"Locustae crusta fragili muniuntur in eo genere quod caret sanguine. latent mensibus quinis. similiter cancri, qui eodem tempore occultantur, et ambo veris principio senectutem anguium more exuunt renovatione tergorum. cetera in undis natant, locustae reptantium modo fluitant, si nullus ingruat metus, recto meatu, cornibus, quae sunt propria rotunditate praepilata, ad latera porrectis; isdem erectis in pavore oblique in latera procedunt. cornibus inter se dimicant. unum hoc animalium, nisi vivum ferventi aqua incoquatur, fluida carne non habet callum.";9;crawling ??;reptantium modo;reptantium modo;251;266;15
Need_validation;green ?? transparent ??;890;100;"ex eodem genere sunt echini, quibus spinae pro pedibus. ingredi est iis in orbem volvi, itaque detritis saepe aculeis inveniuntur. ex his echinometrae appellantur quorum spinae longissimae, calyces minimi. nec omnibus idem vitreus color. circa Toronen candidi nascuntur, spina parva. ova omnium amara, quina numero. ora in medio corpore in terram versa. tradunt saevitiam maris praesagire eos correptisque opperiri lapillis, mobilitatem pondere stabilientes; nolunt volutatione spinas atterere. quod ubi videre nautici, statim pluribus ancoris navigia infrenant.";9;"color : green ?? transparent ??; white";nec omnibus idem vitreus color. circa Toronen candidi nascuntur;nec omnibus idem vitreus color. circa Toronen candidi nascuntur;206;269;63
Need_validation;summer lethargy ??;909;101;In eodem genere cocleae aquatiles terrestresque, exerentes se domicilio binaque ceu cornua protendentes contrahentesque, oculis carent, itaque corniculis praetemptant iter. pectines in mari ex eodem genere habentur, reconditi et ipsi magnis frigoribus ac magnis aestibus, unguesque velut igne lucentes in tenebris, etiam in ore mandentium.;9;summer lethargy ??;magnis aestibus;magnis aestibus;255;270;15
Need_validation;« third nature » ???;1198;146;Equidem et iis inesse sensum arbitror, quae neque animalium neque fruticum, sed tertiam quandam ex utroque naturam habent, urticis dico et spongeis. Vrticae noctu vagantur locumque mutant. carnosae frondis iis natura, et carne vescuntur. vis pruritu mordax est eademque, quae terrestris urticae. contrahit ergo se quam maxime rigens ac praenatante pisciculo frondem suam spargit conplectensque devorat.;9;ancient classes : « third nature » ???;Equidem et iis inesse sensum arbitror, quae neque animalium neque fruticum, sed tertiam quandam ex utroque naturam habent, urticis dico et spongeis.;Equidem et iis inesse sensum arbitror, quae neque animalium neque fruticum, sed tertiam quandam ex utroque naturam habent, urticis dico et spongeis.;0;148;148
Need_validation;Promunturium Solis ??? Africa ??;1506;173;Coclearum vivaria instituit Fulvius Lippinus in Tarquiniensi paulo ante civile bellum quod cum Pompeio Magno gestum est, distinctis quidem generibus earum, separatim ut essent albae, quae in Reatino agro nascuntur, separatim Illyricae, quibus magnitudo praecipua, Africanae, quibus fecunditas, Solitanae, quibus nobilitas.;9;places : Promunturium Solis ??? Africa ??;Solitanae, quibus nobilitas;Solitanae, quibus nobilitas;294;321;27
Need_validation;internal fluid ??;1572;184;Concharum e genere sunt dactyli, ab humanorum unguium similitudine appellati. his natura in tenebris remoto lumine alio fulgere claro et, quanto magis umorem habeant, lucere in ore mandentium, lucere in manibus atque etiam in solo ac veste decidentibus guttis, ut procul dubio pateat, suci illam naturam esse, quam miraremur etiam in corpore.;9;internal fluid ??;suci illam naturam esse;suci illam naturam esse;285;308;23
